{"SD Eibar": 0, "Juventus": 1, "CA Osasuna": 2, "Real Zaragoza": 3, "Bologna": 4, "Racing Santander": 5, "Torino": 6, "Sassuolo": 7, "Paris Saint-Germain": 8, "Real Sociedad": 9, "C\u00f3rdoba CF": 10, "AS Saint-\u00c9tienne": 11, "Granada CF": 12, "Udinese": 13, "FC Barcelona": 14, "Liverpool": 15, "Le Havre AC": 16, "Catania": 17, "Livorno": 18, "Leicester City": 19, "Novara": 62, "Napoli": 20, "Lazio": 21, "AC Ajaccio": 22, "Bournemouth": 23, "Xerez Club Deportivo": 24, "AC Arles-Avignon": 25, "Roma": 26, "Elche CF": 27, "Brescia": 28, "Real Madrid CF": 29, "GFC Ajaccio": 30, "AJ Auxerre": 31, "Olympique Lyonnais": 32, "Athletic Club de Bilbao": 33, "Frosinone": 34, "Pescara": 35, "Crystal Palace": 36, "Milan": 37, "Montpellier H\u00e9rault SC": 38, "Manchester United": 39, "Aston Villa": 40, "Swansea City": 41, "LOSC Lille": 42, "Chievo Verona": 43, "US Boulogne Cote D'Opale": 44, "Siena": 45, "Reading": 46, "FC Lorient": 47, "Valencia CF": 48, "H\u00e9rcules Club de F\u00fatbol": 49, "Dijon FCO": 50, "Burnley": 113, "Manchester City": 51, "Real Betis Balompi\u00e9": 52, "M\u00e1laga CF": 121, "Hellas Verona": 54, "Rayo Vallecano": 55, "\u00c9vian Thonon Gaillard FC": 56, "Southampton": 57, "FC Nantes": 58, "CD Tenerife": 59, "RC Lens": 60, "Le Mans FC": 61, "RC Recreativo": 63, "Portsmouth": 64, "Stoke City": 66, "Arsenal": 67, "Olympique de Marseille": 68, "AS Nancy-Lorraine": 69, "Middlesbrough": 70, "Watford": 71, "Toulouse FC": 72, "Lecce": 83, "Stade Brestois 29": 74, "Bolton Wanderers": 75, "Getafe CF": 76, "West Bromwich Albion": 77, "SM Caen": 78, "Cardiff City": 79, "Angers SCO": 80, "OGC Nice": 81, "Stade de Reims": 82, "Grenoble Foot 38": 73, "Blackpool": 131, "Everton": 84, "Cagliari": 85, "Palermo": 86, "Valenciennes FC": 87, "Wigan Athletic": 88, "Villarreal CF": 89, "Blackburn Rovers": 90, "ES Troyes AC": 91, "RCD Espanyol": 92, "Inter": 93, "Chelsea": 94, "Real Valladolid": 95, "FC Metz": 96, "RC Celta de Vigo": 97, "Carpi": 98, "Tottenham Hotspur": 99, "RCD Mallorca": 100, "Girondins de Bordeaux": 102, "Empoli": 103, "Fiorentina": 104, "Reggio Calabria": 105, "Atl\u00e9tico Madrid": 106, "Real Sporting de Gij\u00f3n": 107, "Stade Rennais FC": 108, "SC Bastia": 109, "CD Numancia": 111, "AS Monaco": 112, "Birmingham City": 101, "Cesena": 114, "Atalanta": 115, "Fulham": 116, "Wolverhampton Wanderers": 117, "Levante UD": 118, "UD Almer\u00eda": 119, "Newcastle United": 120, "Norwich City": 53, "Bari": 123, "Hull City": 122, "Sampdoria": 65, "Queens Park Rangers": 124, "RC Deportivo de La Coru\u00f1a": 125, "FC Sochaux-Montb\u00e9liard": 126, "UD Las Palmas": 127, "En Avant de Guingamp": 128, "West Ham United": 129, "Parma": 130, "Sunderland": 110, "Sevilla FC": 132, "Genoa": 133}